page,type,url,normalized,reason
blog-kapitalnyi-remont-pressa.html,img,https://mc.yandex.ru/watch/104014471,https://mc.yandex.ru/watch/104014471,"('Connection aborted.', ConnectionAbortedError(10053, 'Программа на вашем хост-компьютере разорвала установленное подключение', None, 10053, None))"
blog-kapitalnyi-remont-pressa.html,link,favicon.ico?v=2,favicon.ico?v=2,File not found: C:\Projects\24stanki\favicon.ico?v=2
blog-kapitalnyi-remont-pressa.html,a,#,,Anchor # not found in page
blog-kapitalnyi-remont-pressa.html,a,index.html#portfolio,index.html#portfolio,File not found: C:\Projects\24stanki\index.html#portfolio
blog-kapitalnyi-remont-pressa.html,a,index.html#reviews,index.html#reviews,File not found: C:\Projects\24stanki\index.html#reviews
blog-kapitalnyi-remont-pressa.html,a,index.html#contacts,index.html#contacts,File not found: C:\Projects\24stanki\index.html#contacts
blog-kapitalnyi-remont-pressa.html,a,index.html#portfolio,index.html#portfolio,File not found: C:\Projects\24stanki\index.html#portfolio
blog-kapitalnyi-remont-pressa.html,a,index.html#reviews,index.html#reviews,File not found: C:\Projects\24stanki\index.html#reviews
blog-kapitalnyi-remont-pressa.html,a,index.html#contacts,index.html#contacts,File not found: C:\Projects\24stanki\index.html#contacts
blog-obsluzhivanie-listogibov.html,img,https://mc.yandex.ru/watch/104014471,https://mc.yandex.ru/watch/104014471,"('Connection aborted.', ConnectionAbortedError(10053, 'Программа на вашем хост-компьютере разорвала установленное подключение', None, 10053, None))"
blog-obsluzhivanie-listogibov.html,link,favicon.ico?v=2,favicon.ico?v=2,File not found: C:\Projects\24stanki\favicon.ico?v=2
blog-obsluzhivanie-listogibov.html,a,#,,Anchor # not found in page
blog-obsluzhivanie-listogibov.html,a,index.html#portfolio,index.html#portfolio,File not found: C:\Projects\24stanki\index.html#portfolio
blog-obsluzhivanie-listogibov.html,a,index.html#reviews,index.html#reviews,File not found: C:\Projects\24stanki\index.html#reviews
blog-obsluzhivanie-listogibov.html,a,index.html#contacts,index.html#contacts,File not found: C:\Projects\24stanki\index.html#contacts
blog-obsluzhivanie-listogibov.html,a,index.html#portfolio,index.html#portfolio,File not found: C:\Projects\24stanki\index.html#portfolio
blog-obsluzhivanie-listogibov.html,a,index.html#reviews,index.html#reviews,File not found: C:\Projects\24stanki\index.html#reviews
blog-obsluzhivanie-listogibov.html,a,index.html#contacts,index.html#contacts,File not found: C:\Projects\24stanki\index.html#contacts
blog-remont-cpu-stoiki.html,img,https://mc.yandex.ru/watch/104014471,https://mc.yandex.ru/watch/104014471,"('Connection aborted.', ConnectionAbortedError(10053, 'Программа на вашем хост-компьютере разорвала установленное подключение', None, 10053, None))"
blog-remont-cpu-stoiki.html,link,favicon.ico?v=2,favicon.ico?v=2,File not found: C:\Projects\24stanki\favicon.ico?v=2
blog-remont-cpu-stoiki.html,a,#,,Anchor # not found in page
blog-remont-cpu-stoiki.html,a,index.html#portfolio,index.html#portfolio,File not found: C:\Projects\24stanki\index.html#portfolio
blog-remont-cpu-stoiki.html,a,index.html#reviews,index.html#reviews,File not found: C:\Projects\24stanki\index.html#reviews
blog-remont-cpu-stoiki.html,a,index.html#contacts,index.html#contacts,File not found: C:\Projects\24stanki\index.html#contacts
blog-remont-cpu-stoiki.html,a,index.html#portfolio,index.html#portfolio,File not found: C:\Projects\24stanki\index.html#portfolio
blog-remont-cpu-stoiki.html,a,index.html#reviews,index.html#reviews,File not found: C:\Projects\24stanki\index.html#reviews
blog-remont-cpu-stoiki.html,a,index.html#contacts,index.html#contacts,File not found: C:\Projects\24stanki\index.html#contacts
blog-remont-gilotin.html,img,https://mc.yandex.ru/watch/104014471,https://mc.yandex.ru/watch/104014471,"('Connection aborted.', ConnectionAbortedError(10053, 'Программа на вашем хост-компьютере разорвала установленное подключение', None, 10053, None))"
blog-remont-gilotin.html,link,favicon.ico?v=2,favicon.ico?v=2,File not found: C:\Projects\24stanki\favicon.ico?v=2
blog-remont-gilotin.html,a,#,,Anchor # not found in page
blog-remont-gilotin.html,a,index.html#portfolio,index.html#portfolio,File not found: C:\Projects\24stanki\index.html#portfolio
blog-remont-gilotin.html,a,index.html#reviews,index.html#reviews,File not found: C:\Projects\24stanki\index.html#reviews
blog-remont-gilotin.html,a,index.html#contacts,index.html#contacts,File not found: C:\Projects\24stanki\index.html#contacts
blog-remont-gilotin.html,a,index.html#portfolio,index.html#portfolio,File not found: C:\Projects\24stanki\index.html#portfolio
blog-remont-gilotin.html,a,index.html#reviews,index.html#reviews,File not found: C:\Projects\24stanki\index.html#reviews
blog-remont-gilotin.html,a,index.html#contacts,index.html#contacts,File not found: C:\Projects\24stanki\index.html#contacts
blog-remont-lentochnyh-pil.html,img,https://mc.yandex.ru/watch/104014471,https://mc.yandex.ru/watch/104014471,"('Connection aborted.', ConnectionAbortedError(10053, 'Программа на вашем хост-компьютере разорвала установленное подключение', None, 10053, None))"
blog-remont-lentochnyh-pil.html,link,favicon.ico?v=2,favicon.ico?v=2,File not found: C:\Projects\24stanki\favicon.ico?v=2
blog-remont-lentochnyh-pil.html,a,#,,Anchor # not found in page
blog-remont-lentochnyh-pil.html,a,index.html#portfolio,index.html#portfolio,File not found: C:\Projects\24stanki\index.html#portfolio
blog-remont-lentochnyh-pil.html,a,index.html#reviews,index.html#reviews,File not found: C:\Projects\24stanki\index.html#reviews
blog-remont-lentochnyh-pil.html,a,index.html#contacts,index.html#contacts,File not found: C:\Projects\24stanki\index.html#contacts
blog-remont-lentochnyh-pil.html,a,index.html#portfolio,index.html#portfolio,File not found: C:\Projects\24stanki\index.html#portfolio
blog-remont-lentochnyh-pil.html,a,index.html#reviews,index.html#reviews,File not found: C:\Projects\24stanki\index.html#reviews
blog-remont-lentochnyh-pil.html,a,index.html#contacts,index.html#contacts,File not found: C:\Projects\24stanki\index.html#contacts
blog-remont-listogiba.html,img,https://mc.yandex.ru/watch/104014471,https://mc.yandex.ru/watch/104014471,"('Connection aborted.', ConnectionAbortedError(10053, 'Программа на вашем хост-компьютере разорвала установленное подключение', None, 10053, None))"
blog-remont-listogiba.html,link,favicon.ico?v=2,favicon.ico?v=2,File not found: C:\Projects\24stanki\favicon.ico?v=2
blog-remont-listogiba.html,a,#,,Anchor # not found in page
blog-remont-listogiba.html,a,index.html#portfolio,index.html#portfolio,File not found: C:\Projects\24stanki\index.html#portfolio
blog-remont-listogiba.html,a,index.html#reviews,index.html#reviews,File not found: C:\Projects\24stanki\index.html#reviews
blog-remont-listogiba.html,a,index.html#contacts,index.html#contacts,File not found: C:\Projects\24stanki\index.html#contacts
blog-remont-listogiba.html,a,index.html#portfolio,index.html#portfolio,File not found: C:\Projects\24stanki\index.html#portfolio
blog-remont-listogiba.html,a,index.html#reviews,index.html#reviews,File not found: C:\Projects\24stanki\index.html#reviews
blog-remont-listogiba.html,a,index.html#contacts,index.html#contacts,File not found: C:\Projects\24stanki\index.html#contacts
blog-remont-listogibov-chpu.html,img,https://mc.yandex.ru/watch/104014471,https://mc.yandex.ru/watch/104014471,"('Connection aborted.', ConnectionAbortedError(10053, 'Программа на вашем хост-компьютере разорвала установленное подключение', None, 10053, None))"
blog-remont-listogibov-chpu.html,link,favicon.ico?v=2,favicon.ico?v=2,File not found: C:\Projects\24stanki\favicon.ico?v=2
blog-remont-listogibov-chpu.html,a,#,,Anchor # not found in page
blog-remont-listogibov-chpu.html,a,index.html#portfolio,index.html#portfolio,File not found: C:\Projects\24stanki\index.html#portfolio
blog-remont-listogibov-chpu.html,a,index.html#reviews,index.html#reviews,File not found: C:\Projects\24stanki\index.html#reviews
blog-remont-listogibov-chpu.html,a,index.html#contacts,index.html#contacts,File not found: C:\Projects\24stanki\index.html#contacts
blog-remont-listogibov-chpu.html,a,index.html#portfolio,index.html#portfolio,File not found: C:\Projects\24stanki\index.html#portfolio
blog-remont-listogibov-chpu.html,a,index.html#reviews,index.html#reviews,File not found: C:\Projects\24stanki\index.html#reviews
blog-remont-listogibov-chpu.html,a,index.html#contacts,index.html#contacts,File not found: C:\Projects\24stanki\index.html#contacts
blog-remont-profilgebiv.html,img,https://mc.yandex.ru/watch/104014471,https://mc.yandex.ru/watch/104014471,"('Connection aborted.', ConnectionAbortedError(10053, 'Программа на вашем хост-компьютере разорвала установленное подключение', None, 10053, None))"
blog-remont-profilgebiv.html,link,favicon.ico?v=2,favicon.ico?v=2,File not found: C:\Projects\24stanki\favicon.ico?v=2
blog-remont-profilgebiv.html,a,#,,Anchor # not found in page
blog-remont-profilgebiv.html,a,index.html#portfolio,index.html#portfolio,File not found: C:\Projects\24stanki\index.html#portfolio
blog-remont-profilgebiv.html,a,index.html#reviews,index.html#reviews,File not found: C:\Projects\24stanki\index.html#reviews
blog-remont-profilgebiv.html,a,index.html#contacts,index.html#contacts,File not found: C:\Projects\24stanki\index.html#contacts
blog-remont-profilgebiv.html,a,index.html#portfolio,index.html#portfolio,File not found: C:\Projects\24stanki\index.html#portfolio
blog-remont-profilgebiv.html,a,index.html#reviews,index.html#reviews,File not found: C:\Projects\24stanki\index.html#reviews
blog-remont-profilgebiv.html,a,index.html#contacts,index.html#contacts,File not found: C:\Projects\24stanki\index.html#contacts
blog-remont-trubogibov.html,img,https://mc.yandex.ru/watch/104014471,https://mc.yandex.ru/watch/104014471,"('Connection aborted.', ConnectionAbortedError(10053, 'Программа на вашем хост-компьютере разорвала установленное подключение', None, 10053, None))"
blog-remont-trubogibov.html,link,favicon.ico?v=2,favicon.ico?v=2,File not found: C:\Projects\24stanki\favicon.ico?v=2
blog-remont-trubogibov.html,a,#,,Anchor # not found in page
blog-remont-trubogibov.html,a,index.html#portfolio,index.html#portfolio,File not found: C:\Projects\24stanki\index.html#portfolio
blog-remont-trubogibov.html,a,index.html#reviews,index.html#reviews,File not found: C:\Projects\24stanki\index.html#reviews
blog-remont-trubogibov.html,a,index.html#contacts,index.html#contacts,File not found: C:\Projects\24stanki\index.html#contacts
blog-remont-trubogibov.html,a,index.html#portfolio,index.html#portfolio,File not found: C:\Projects\24stanki\index.html#portfolio
blog-remont-trubogibov.html,a,index.html#reviews,index.html#reviews,File not found: C:\Projects\24stanki\index.html#reviews
blog-remont-trubogibov.html,a,index.html#contacts,index.html#contacts,File not found: C:\Projects\24stanki\index.html#contacts
blog-remont-valtsev.html,img,https://mc.yandex.ru/watch/104014471,https://mc.yandex.ru/watch/104014471,"('Connection aborted.', ConnectionAbortedError(10053, 'Программа на вашем хост-компьютере разорвала установленное подключение', None, 10053, None))"
blog-remont-valtsev.html,link,favicon.ico?v=2,favicon.ico?v=2,File not found: C:\Projects\24stanki\favicon.ico?v=2
blog-remont-valtsev.html,a,#,,Anchor # not found in page
blog-remont-valtsev.html,a,index.html#portfolio,index.html#portfolio,File not found: C:\Projects\24stanki\index.html#portfolio
blog-remont-valtsev.html,a,index.html#reviews,index.html#reviews,File not found: C:\Projects\24stanki\index.html#reviews
blog-remont-valtsev.html,a,index.html#contacts,index.html#contacts,File not found: C:\Projects\24stanki\index.html#contacts
blog-remont-valtsev.html,a,index.html#portfolio,index.html#portfolio,File not found: C:\Projects\24stanki\index.html#portfolio
blog-remont-valtsev.html,a,index.html#reviews,index.html#reviews,File not found: C:\Projects\24stanki\index.html#reviews
blog-remont-valtsev.html,a,index.html#contacts,index.html#contacts,File not found: C:\Projects\24stanki\index.html#contacts
blog-zapchasti-listogibov.html,img,https://mc.yandex.ru/watch/104014471,https://mc.yandex.ru/watch/104014471,"('Connection aborted.', ConnectionAbortedError(10053, 'Программа на вашем хост-компьютере разорвала установленное подключение', None, 10053, None))"
blog-zapchasti-listogibov.html,link,favicon.ico?v=2,favicon.ico?v=2,File not found: C:\Projects\24stanki\favicon.ico?v=2
blog-zapchasti-listogibov.html,a,#,,Anchor # not found in page
blog-zapchasti-listogibov.html,a,index.html#portfolio,index.html#portfolio,File not found: C:\Projects\24stanki\index.html#portfolio
blog-zapchasti-listogibov.html,a,index.html#reviews,index.html#reviews,File not found: C:\Projects\24stanki\index.html#reviews
blog-zapchasti-listogibov.html,a,index.html#contacts,index.html#contacts,File not found: C:\Projects\24stanki\index.html#contacts
blog-zapchasti-listogibov.html,a,index.html#portfolio,index.html#portfolio,File not found: C:\Projects\24stanki\index.html#portfolio
blog-zapchasti-listogibov.html,a,index.html#reviews,index.html#reviews,File not found: C:\Projects\24stanki\index.html#reviews
blog-zapchasti-listogibov.html,a,index.html#contacts,index.html#contacts,File not found: C:\Projects\24stanki\index.html#contacts
blog.html,img,https://mc.yandex.ru/watch/104014471,https://mc.yandex.ru/watch/104014471,"('Connection aborted.', ConnectionAbortedError(10053, 'Программа на вашем хост-компьютере разорвала установленное подключение', None, 10053, None))"
blog.html,link,favicon.ico?v=2,favicon.ico?v=2,File not found: C:\Projects\24stanki\favicon.ico?v=2
blog.html,a,#,,Anchor # not found in page
blog.html,a,index.html#portfolio,index.html#portfolio,File not found: C:\Projects\24stanki\index.html#portfolio
blog.html,a,index.html#reviews,index.html#reviews,File not found: C:\Projects\24stanki\index.html#reviews
blog.html,a,index.html#contacts,index.html#contacts,File not found: C:\Projects\24stanki\index.html#contacts
blog.html,a,blog-remont-gibochnyh-stankov.html,blog-remont-gibochnyh-stankov.html,File not found: C:\Projects\24stanki\blog-remont-gibochnyh-stankov.html
blog.html,a,index.html#portfolio,index.html#portfolio,File not found: C:\Projects\24stanki\index.html#portfolio
blog.html,a,index.html#reviews,index.html#reviews,File not found: C:\Projects\24stanki\index.html#reviews
blog.html,a,index.html#contacts,index.html#contacts,File not found: C:\Projects\24stanki\index.html#contacts
index.html,img,https://mc.yandex.ru/watch/104014471,https://mc.yandex.ru/watch/104014471,"('Connection aborted.', ConnectionAbortedError(10053, 'Программа на вашем хост-компьютере разорвала установленное подключение', None, 10053, None))"
index.html,link,favicon.ico?v=2,favicon.ico?v=2,File not found: C:\Projects\24stanki\favicon.ico?v=2
index.html,a,#,,Anchor # not found in page
index.html,a,https://нормконтроль.рф,https://нормконтроль.рф,HTTP 405
kakoj-stanok-vybrat-dlya-proizvodstva.html,img,https://mc.yandex.ru/watch/104014471,https://mc.yandex.ru/watch/104014471,"('Connection aborted.', ConnectionAbortedError(10053, 'Программа на вашем хост-компьютере разорвала установленное подключение', None, 10053, None))"
kakoj-stanok-vybrat-dlya-proizvodstva.html,link,favicon.ico?v=2,favicon.ico?v=2,File not found: C:\Projects\24stanki\favicon.ico?v=2
kakoj-stanok-vybrat-dlya-proizvodstva.html,a,#,,Anchor # not found in page
kakoj-stanok-vybrat-dlya-proizvodstva.html,a,index.html#portfolio,index.html#portfolio,File not found: C:\Projects\24stanki\index.html#portfolio
kakoj-stanok-vybrat-dlya-proizvodstva.html,a,index.html#reviews,index.html#reviews,File not found: C:\Projects\24stanki\index.html#reviews
kakoj-stanok-vybrat-dlya-proizvodstva.html,a,index.html#contacts,index.html#contacts,File not found: C:\Projects\24stanki\index.html#contacts
kakoj-stanok-vybrat-dlya-proizvodstva.html,a,index.html#portfolio,index.html#portfolio,File not found: C:\Projects\24stanki\index.html#portfolio
kakoj-stanok-vybrat-dlya-proizvodstva.html,a,index.html#reviews,index.html#reviews,File not found: C:\Projects\24stanki\index.html#reviews
kakoj-stanok-vybrat-dlya-proizvodstva.html,a,index.html#contacts,index.html#contacts,File not found: C:\Projects\24stanki\index.html#contacts
remont-gilotin-ekaterinburg.html,img,https://mc.yandex.ru/watch/104014471,https://mc.yandex.ru/watch/104014471,"('Connection aborted.', ConnectionAbortedError(10053, 'Программа на вашем хост-компьютере разорвала установленное подключение', None, 10053, None))"
remont-gilotin-ekaterinburg.html,link,favicon.ico?v=2,favicon.ico?v=2,File not found: C:\Projects\24stanki\favicon.ico?v=2
remont-gilotin-ekaterinburg.html,a,#,,Anchor # not found in page
remont-gilotin-ekaterinburg.html,a,index.html#portfolio,index.html#portfolio,File not found: C:\Projects\24stanki\index.html#portfolio
remont-gilotin-ekaterinburg.html,a,index.html#reviews,index.html#reviews,File not found: C:\Projects\24stanki\index.html#reviews
remont-gilotin-ekaterinburg.html,a,index.html#contacts,index.html#contacts,File not found: C:\Projects\24stanki\index.html#contacts
remont-gilotin-ekaterinburg.html,a,index.html#portfolio,index.html#portfolio,File not found: C:\Projects\24stanki\index.html#portfolio
remont-gilotin-ekaterinburg.html,a,index.html#reviews,index.html#reviews,File not found: C:\Projects\24stanki\index.html#reviews
remont-gilotin-ekaterinburg.html,a,index.html#contacts,index.html#contacts,File not found: C:\Projects\24stanki\index.html#contacts
remont-gilotin-moskva.html,img,https://mc.yandex.ru/watch/104014471,https://mc.yandex.ru/watch/104014471,"('Connection aborted.', ConnectionAbortedError(10053, 'Программа на вашем хост-компьютере разорвала установленное подключение', None, 10053, None))"
remont-gilotin-moskva.html,link,favicon.ico?v=2,favicon.ico?v=2,File not found: C:\Projects\24stanki\favicon.ico?v=2
remont-gilotin-moskva.html,a,#,,Anchor # not found in page
remont-gilotin-moskva.html,a,index.html#portfolio,index.html#portfolio,File not found: C:\Projects\24stanki\index.html#portfolio
remont-gilotin-moskva.html,a,index.html#reviews,index.html#reviews,File not found: C:\Projects\24stanki\index.html#reviews
remont-gilotin-moskva.html,a,index.html#contacts,index.html#contacts,File not found: C:\Projects\24stanki\index.html#contacts
remont-gilotin-novosibirsk.html,img,https://mc.yandex.ru/watch/104014471,https://mc.yandex.ru/watch/104014471,"('Connection aborted.', ConnectionAbortedError(10053, 'Программа на вашем хост-компьютере разорвала установленное подключение', None, 10053, None))"
remont-gilotin-novosibirsk.html,link,favicon.ico?v=2,favicon.ico?v=2,File not found: C:\Projects\24stanki\favicon.ico?v=2
remont-gilotin-novosibirsk.html,a,#,,Anchor # not found in page
remont-gilotin-novosibirsk.html,a,index.html#portfolio,index.html#portfolio,File not found: C:\Projects\24stanki\index.html#portfolio
remont-gilotin-novosibirsk.html,a,index.html#reviews,index.html#reviews,File not found: C:\Projects\24stanki\index.html#reviews
remont-gilotin-novosibirsk.html,a,index.html#contacts,index.html#contacts,File not found: C:\Projects\24stanki\index.html#contacts
remont-gilotin-novosibirsk.html,a,index.html#portfolio,index.html#portfolio,File not found: C:\Projects\24stanki\index.html#portfolio
remont-gilotin-novosibirsk.html,a,index.html#reviews,index.html#reviews,File not found: C:\Projects\24stanki\index.html#reviews
remont-gilotin-novosibirsk.html,a,index.html#contacts,index.html#contacts,File not found: C:\Projects\24stanki\index.html#contacts
remont-gilotin-spb.html,img,https://mc.yandex.ru/watch/104014471,https://mc.yandex.ru/watch/104014471,"('Connection aborted.', ConnectionAbortedError(10053, 'Программа на вашем хост-компьютере разорвала установленное подключение', None, 10053, None))"
remont-gilotin-spb.html,link,favicon.ico?v=2,favicon.ico?v=2,File not found: C:\Projects\24stanki\favicon.ico?v=2
remont-gilotin-spb.html,a,#,,Anchor # not found in page
remont-gilotin-spb.html,a,index.html#portfolio,index.html#portfolio,File not found: C:\Projects\24stanki\index.html#portfolio
remont-gilotin-spb.html,a,index.html#reviews,index.html#reviews,File not found: C:\Projects\24stanki\index.html#reviews
remont-gilotin-spb.html,a,index.html#contacts,index.html#contacts,File not found: C:\Projects\24stanki\index.html#contacts
remont-gilotin-spb.html,a,index.html#portfolio,index.html#portfolio,File not found: C:\Projects\24stanki\index.html#portfolio
remont-gilotin-spb.html,a,index.html#reviews,index.html#reviews,File not found: C:\Projects\24stanki\index.html#reviews
remont-gilotin-spb.html,a,index.html#contacts,index.html#contacts,File not found: C:\Projects\24stanki\index.html#contacts
remont-gilotin.html,img,https://mc.yandex.ru/watch/104014471,https://mc.yandex.ru/watch/104014471,"('Connection aborted.', ConnectionAbortedError(10053, 'Программа на вашем хост-компьютере разорвала установленное подключение', None, 10053, None))"
remont-gilotin.html,link,favicon.ico?v=2,favicon.ico?v=2,File not found: C:\Projects\24stanki\favicon.ico?v=2
remont-gilotin.html,a,#,,Anchor # not found in page
remont-gilotin.html,a,index.html#portfolio,index.html#portfolio,File not found: C:\Projects\24stanki\index.html#portfolio
remont-gilotin.html,a,index.html#reviews,index.html#reviews,File not found: C:\Projects\24stanki\index.html#reviews
remont-gilotin.html,a,index.html#contacts,index.html#contacts,File not found: C:\Projects\24stanki\index.html#contacts
remont-gilotin.html,a,index.html#portfolio,index.html#portfolio,File not found: C:\Projects\24stanki\index.html#portfolio
remont-gilotin.html,a,index.html#reviews,index.html#reviews,File not found: C:\Projects\24stanki\index.html#reviews
remont-gilotin.html,a,index.html#contacts,index.html#contacts,File not found: C:\Projects\24stanki\index.html#contacts
remont-lentochnyh-pil.html,img,https://mc.yandex.ru/watch/104014471,https://mc.yandex.ru/watch/104014471,"('Connection aborted.', ConnectionAbortedError(10053, 'Программа на вашем хост-компьютере разорвала установленное подключение', None, 10053, None))"
remont-lentochnyh-pil.html,link,favicon.ico?v=2,favicon.ico?v=2,File not found: C:\Projects\24stanki\favicon.ico?v=2
remont-lentochnyh-pil.html,a,#,,Anchor # not found in page
remont-lentochnyh-pil.html,a,index.html#portfolio,index.html#portfolio,File not found: C:\Projects\24stanki\index.html#portfolio
remont-lentochnyh-pil.html,a,index.html#reviews,index.html#reviews,File not found: C:\Projects\24stanki\index.html#reviews
remont-lentochnyh-pil.html,a,index.html#contacts,index.html#contacts,File not found: C:\Projects\24stanki\index.html#contacts
remont-lentochnyh-pil.html,a,index.html#portfolio,index.html#portfolio,File not found: C:\Projects\24stanki\index.html#portfolio
remont-lentochnyh-pil.html,a,index.html#reviews,index.html#reviews,File not found: C:\Projects\24stanki\index.html#reviews
remont-lentochnyh-pil.html,a,index.html#contacts,index.html#contacts,File not found: C:\Projects\24stanki\index.html#contacts
remont-listogibov-ekaterinburg.html,img,https://mc.yandex.ru/watch/104014471,https://mc.yandex.ru/watch/104014471,"('Connection aborted.', ConnectionAbortedError(10053, 'Программа на вашем хост-компьютере разорвала установленное подключение', None, 10053, None))"
remont-listogibov-ekaterinburg.html,link,favicon.ico?v=2,favicon.ico?v=2,File not found: C:\Projects\24stanki\favicon.ico?v=2
remont-listogibov-ekaterinburg.html,a,#,,Anchor # not found in page
remont-listogibov-ekaterinburg.html,a,index.html#portfolio,index.html#portfolio,File not found: C:\Projects\24stanki\index.html#portfolio
remont-listogibov-ekaterinburg.html,a,index.html#reviews,index.html#reviews,File not found: C:\Projects\24stanki\index.html#reviews
remont-listogibov-ekaterinburg.html,a,index.html#contacts,index.html#contacts,File not found: C:\Projects\24stanki\index.html#contacts
remont-listogibov-ekaterinburg.html,a,index.html#portfolio,index.html#portfolio,File not found: C:\Projects\24stanki\index.html#portfolio
remont-listogibov-ekaterinburg.html,a,index.html#reviews,index.html#reviews,File not found: C:\Projects\24stanki\index.html#reviews
remont-listogibov-ekaterinburg.html,a,index.html#contacts,index.html#contacts,File not found: C:\Projects\24stanki\index.html#contacts
remont-listogibov-moskva.html,img,https://mc.yandex.ru/watch/104014471,https://mc.yandex.ru/watch/104014471,"('Connection aborted.', ConnectionAbortedError(10053, 'Программа на вашем хост-компьютере разорвала установленное подключение', None, 10053, None))"
remont-listogibov-moskva.html,link,favicon.ico?v=2,favicon.ico?v=2,File not found: C:\Projects\24stanki\favicon.ico?v=2
remont-listogibov-moskva.html,a,#,,Anchor # not found in page
remont-listogibov-moskva.html,a,index.html#portfolio,index.html#portfolio,File not found: C:\Projects\24stanki\index.html#portfolio
remont-listogibov-moskva.html,a,index.html#reviews,index.html#reviews,File not found: C:\Projects\24stanki\index.html#reviews
remont-listogibov-moskva.html,a,index.html#contacts,index.html#contacts,File not found: C:\Projects\24stanki\index.html#contacts
remont-listogibov-moskva.html,a,index.html#portfolio,index.html#portfolio,File not found: C:\Projects\24stanki\index.html#portfolio
remont-listogibov-moskva.html,a,index.html#reviews,index.html#reviews,File not found: C:\Projects\24stanki\index.html#reviews
remont-listogibov-moskva.html,a,index.html#contacts,index.html#contacts,File not found: C:\Projects\24stanki\index.html#contacts
remont-listogibov-novosibirsk.html,img,https://mc.yandex.ru/watch/104014471,https://mc.yandex.ru/watch/104014471,"('Connection aborted.', ConnectionAbortedError(10053, 'Программа на вашем хост-компьютере разорвала установленное подключение', None, 10053, None))"
remont-listogibov-novosibirsk.html,link,favicon.ico?v=2,favicon.ico?v=2,File not found: C:\Projects\24stanki\favicon.ico?v=2
remont-listogibov-novosibirsk.html,a,#,,Anchor # not found in page
remont-listogibov-novosibirsk.html,a,index.html#portfolio,index.html#portfolio,File not found: C:\Projects\24stanki\index.html#portfolio
remont-listogibov-novosibirsk.html,a,index.html#reviews,index.html#reviews,File not found: C:\Projects\24stanki\index.html#reviews
remont-listogibov-novosibirsk.html,a,index.html#contacts,index.html#contacts,File not found: C:\Projects\24stanki\index.html#contacts
remont-listogibov-novosibirsk.html,a,index.html#portfolio,index.html#portfolio,File not found: C:\Projects\24stanki\index.html#portfolio
remont-listogibov-novosibirsk.html,a,index.html#reviews,index.html#reviews,File not found: C:\Projects\24stanki\index.html#reviews
remont-listogibov-novosibirsk.html,a,index.html#contacts,index.html#contacts,File not found: C:\Projects\24stanki\index.html#contacts
remont-listogibov-spb.html,img,https://mc.yandex.ru/watch/104014471,https://mc.yandex.ru/watch/104014471,"('Connection aborted.', ConnectionAbortedError(10053, 'Программа на вашем хост-компьютере разорвала установленное подключение', None, 10053, None))"
remont-listogibov-spb.html,link,favicon.ico?v=2,favicon.ico?v=2,File not found: C:\Projects\24stanki\favicon.ico?v=2
remont-listogibov-spb.html,a,#,,Anchor # not found in page
remont-listogibov-spb.html,a,index.html#portfolio,index.html#portfolio,File not found: C:\Projects\24stanki\index.html#portfolio
remont-listogibov-spb.html,a,index.html#reviews,index.html#reviews,File not found: C:\Projects\24stanki\index.html#reviews
remont-listogibov-spb.html,a,index.html#contacts,index.html#contacts,File not found: C:\Projects\24stanki\index.html#contacts
remont-listogibov-spb.html,a,index.html#portfolio,index.html#portfolio,File not found: C:\Projects\24stanki\index.html#portfolio
remont-listogibov-spb.html,a,index.html#reviews,index.html#reviews,File not found: C:\Projects\24stanki\index.html#reviews
remont-listogibov-spb.html,a,index.html#contacts,index.html#contacts,File not found: C:\Projects\24stanki\index.html#contacts
remont-listogibov.html,img,https://mc.yandex.ru/watch/104014471,https://mc.yandex.ru/watch/104014471,"('Connection aborted.', ConnectionAbortedError(10053, 'Программа на вашем хост-компьютере разорвала установленное подключение', None, 10053, None))"
remont-listogibov.html,link,favicon.ico?v=2,favicon.ico?v=2,File not found: C:\Projects\24stanki\favicon.ico?v=2
remont-listogibov.html,a,#,,Anchor # not found in page
remont-listogibov.html,a,index.html#portfolio,index.html#portfolio,File not found: C:\Projects\24stanki\index.html#portfolio
remont-listogibov.html,a,index.html#reviews,index.html#reviews,File not found: C:\Projects\24stanki\index.html#reviews
remont-listogibov.html,a,index.html#contacts,index.html#contacts,File not found: C:\Projects\24stanki\index.html#contacts
remont-listogibov.html,a,index.html#portfolio,index.html#portfolio,File not found: C:\Projects\24stanki\index.html#portfolio
remont-listogibov.html,a,index.html#reviews,index.html#reviews,File not found: C:\Projects\24stanki\index.html#reviews
remont-listogibov.html,a,index.html#contacts,index.html#contacts,File not found: C:\Projects\24stanki\index.html#contacts
remont-profilgebiv.html,img,https://mc.yandex.ru/watch/104014471,https://mc.yandex.ru/watch/104014471,"('Connection aborted.', ConnectionAbortedError(10053, 'Программа на вашем хост-компьютере разорвала установленное подключение', None, 10053, None))"
remont-profilgebiv.html,link,favicon.ico?v=2,favicon.ico?v=2,File not found: C:\Projects\24stanki\favicon.ico?v=2
remont-profilgebiv.html,a,#,,Anchor # not found in page
remont-profilgebiv.html,a,index.html#portfolio,index.html#portfolio,File not found: C:\Projects\24stanki\index.html#portfolio
remont-profilgebiv.html,a,index.html#reviews,index.html#reviews,File not found: C:\Projects\24stanki\index.html#reviews
remont-profilgebiv.html,a,index.html#contacts,index.html#contacts,File not found: C:\Projects\24stanki\index.html#contacts
remont-profilgebiv.html,a,index.html#portfolio,index.html#portfolio,File not found: C:\Projects\24stanki\index.html#portfolio
remont-profilgebiv.html,a,index.html#reviews,index.html#reviews,File not found: C:\Projects\24stanki\index.html#reviews
remont-profilgebiv.html,a,index.html#contacts,index.html#contacts,File not found: C:\Projects\24stanki\index.html#contacts
remont-stankov-chpu.html,img,https://mc.yandex.ru/watch/104014471,https://mc.yandex.ru/watch/104014471,"('Connection aborted.', ConnectionAbortedError(10053, 'Программа на вашем хост-компьютере разорвала установленное подключение', None, 10053, None))"
remont-stankov-chpu.html,link,favicon.ico?v=2,favicon.ico?v=2,File not found: C:\Projects\24stanki\favicon.ico?v=2
remont-stankov-chpu.html,a,#,,Anchor # not found in page
remont-stankov-chpu.html,a,index.html#portfolio,index.html#portfolio,File not found: C:\Projects\24stanki\index.html#portfolio
remont-stankov-chpu.html,a,index.html#reviews,index.html#reviews,File not found: C:\Projects\24stanki\index.html#reviews
remont-stankov-chpu.html,a,index.html#contacts,index.html#contacts,File not found: C:\Projects\24stanki\index.html#contacts
remont-stankov-chpu.html,a,index.html#portfolio,index.html#portfolio,File not found: C:\Projects\24stanki\index.html#portfolio
remont-stankov-chpu.html,a,index.html#reviews,index.html#reviews,File not found: C:\Projects\24stanki\index.html#reviews
remont-stankov-chpu.html,a,index.html#contacts,index.html#contacts,File not found: C:\Projects\24stanki\index.html#contacts
remont-trubogibov-ekaterinburg.html,img,https://mc.yandex.ru/watch/104014471,https://mc.yandex.ru/watch/104014471,"('Connection aborted.', ConnectionAbortedError(10053, 'Программа на вашем хост-компьютере разорвала установленное подключение', None, 10053, None))"
remont-trubogibov-ekaterinburg.html,link,favicon.ico?v=2,favicon.ico?v=2,File not found: C:\Projects\24stanki\favicon.ico?v=2
remont-trubogibov-ekaterinburg.html,a,#,,Anchor # not found in page
remont-trubogibov-ekaterinburg.html,a,index.html#portfolio,index.html#portfolio,File not found: C:\Projects\24stanki\index.html#portfolio
remont-trubogibov-ekaterinburg.html,a,index.html#reviews,index.html#reviews,File not found: C:\Projects\24stanki\index.html#reviews
remont-trubogibov-ekaterinburg.html,a,index.html#contacts,index.html#contacts,File not found: C:\Projects\24stanki\index.html#contacts
remont-trubogibov-ekaterinburg.html,a,index.html#portfolio,index.html#portfolio,File not found: C:\Projects\24stanki\index.html#portfolio
remont-trubogibov-ekaterinburg.html,a,index.html#reviews,index.html#reviews,File not found: C:\Projects\24stanki\index.html#reviews
remont-trubogibov-ekaterinburg.html,a,index.html#contacts,index.html#contacts,File not found: C:\Projects\24stanki\index.html#contacts
remont-trubogibov-moskva.html,img,https://mc.yandex.ru/watch/104014471,https://mc.yandex.ru/watch/104014471,"('Connection aborted.', ConnectionAbortedError(10053, 'Программа на вашем хост-компьютере разорвала установленное подключение', None, 10053, None))"
remont-trubogibov-moskva.html,link,favicon.ico?v=2,favicon.ico?v=2,File not found: C:\Projects\24stanki\favicon.ico?v=2
remont-trubogibov-moskva.html,a,#,,Anchor # not found in page
remont-trubogibov-moskva.html,a,index.html#portfolio,index.html#portfolio,File not found: C:\Projects\24stanki\index.html#portfolio
remont-trubogibov-moskva.html,a,index.html#reviews,index.html#reviews,File not found: C:\Projects\24stanki\index.html#reviews
remont-trubogibov-moskva.html,a,index.html#contacts,index.html#contacts,File not found: C:\Projects\24stanki\index.html#contacts
remont-trubogibov-moskva.html,a,index.html#portfolio,index.html#portfolio,File not found: C:\Projects\24stanki\index.html#portfolio
remont-trubogibov-moskva.html,a,index.html#reviews,index.html#reviews,File not found: C:\Projects\24stanki\index.html#reviews
remont-trubogibov-moskva.html,a,index.html#contacts,index.html#contacts,File not found: C:\Projects\24stanki\index.html#contacts
remont-trubogibov-novosibirsk.html,img,https://mc.yandex.ru/watch/104014471,https://mc.yandex.ru/watch/104014471,"('Connection aborted.', ConnectionAbortedError(10053, 'Программа на вашем хост-компьютере разорвала установленное подключение', None, 10053, None))"
remont-trubogibov-novosibirsk.html,link,favicon.ico?v=2,favicon.ico?v=2,File not found: C:\Projects\24stanki\favicon.ico?v=2
remont-trubogibov-novosibirsk.html,a,#,,Anchor # not found in page
remont-trubogibov-novosibirsk.html,a,index.html#portfolio,index.html#portfolio,File not found: C:\Projects\24stanki\index.html#portfolio
remont-trubogibov-novosibirsk.html,a,index.html#reviews,index.html#reviews,File not found: C:\Projects\24stanki\index.html#reviews
remont-trubogibov-novosibirsk.html,a,index.html#contacts,index.html#contacts,File not found: C:\Projects\24stanki\index.html#contacts
remont-trubogibov-novosibirsk.html,a,index.html#portfolio,index.html#portfolio,File not found: C:\Projects\24stanki\index.html#portfolio
remont-trubogibov-novosibirsk.html,a,index.html#reviews,index.html#reviews,File not found: C:\Projects\24stanki\index.html#reviews
remont-trubogibov-novosibirsk.html,a,index.html#contacts,index.html#contacts,File not found: C:\Projects\24stanki\index.html#contacts
remont-trubogibov-spb.html,img,https://mc.yandex.ru/watch/104014471,https://mc.yandex.ru/watch/104014471,"('Connection aborted.', ConnectionAbortedError(10053, 'Программа на вашем хост-компьютере разорвала установленное подключение', None, 10053, None))"
remont-trubogibov-spb.html,link,favicon.ico?v=2,favicon.ico?v=2,File not found: C:\Projects\24stanki\favicon.ico?v=2
remont-trubogibov-spb.html,a,#,,Anchor # not found in page
remont-trubogibov-spb.html,a,index.html#portfolio,index.html#portfolio,File not found: C:\Projects\24stanki\index.html#portfolio
remont-trubogibov-spb.html,a,index.html#reviews,index.html#reviews,File not found: C:\Projects\24stanki\index.html#reviews
remont-trubogibov-spb.html,a,index.html#contacts,index.html#contacts,File not found: C:\Projects\24stanki\index.html#contacts
remont-trubogibov-spb.html,a,index.html#portfolio,index.html#portfolio,File not found: C:\Projects\24stanki\index.html#portfolio
remont-trubogibov-spb.html,a,index.html#reviews,index.html#reviews,File not found: C:\Projects\24stanki\index.html#reviews
remont-trubogibov-spb.html,a,index.html#contacts,index.html#contacts,File not found: C:\Projects\24stanki\index.html#contacts
remont-trubogibov.html,img,https://mc.yandex.ru/watch/104014471,https://mc.yandex.ru/watch/104014471,"('Connection aborted.', ConnectionAbortedError(10053, 'Программа на вашем хост-компьютере разорвала установленное подключение', None, 10053, None))"
remont-trubogibov.html,link,favicon.ico?v=2,favicon.ico?v=2,File not found: C:\Projects\24stanki\favicon.ico?v=2
remont-trubogibov.html,a,#,,Anchor # not found in page
remont-trubogibov.html,a,index.html#portfolio,index.html#portfolio,File not found: C:\Projects\24stanki\index.html#portfolio
remont-trubogibov.html,a,index.html#reviews,index.html#reviews,File not found: C:\Projects\24stanki\index.html#reviews
remont-trubogibov.html,a,index.html#contacts,index.html#contacts,File not found: C:\Projects\24stanki\index.html#contacts
remont-trubogibov.html,a,index.html#portfolio,index.html#portfolio,File not found: C:\Projects\24stanki\index.html#portfolio
remont-trubogibov.html,a,index.html#reviews,index.html#reviews,File not found: C:\Projects\24stanki\index.html#reviews
remont-trubogibov.html,a,index.html#contacts,index.html#contacts,File not found: C:\Projects\24stanki\index.html#contacts
remont-valtsev.html,img,https://mc.yandex.ru/watch/104014471,https://mc.yandex.ru/watch/104014471,"('Connection aborted.', ConnectionAbortedError(10053, 'Программа на вашем хост-компьютере разорвала установленное подключение', None, 10053, None))"
remont-valtsev.html,link,favicon.ico?v=2,favicon.ico?v=2,File not found: C:\Projects\24stanki\favicon.ico?v=2
remont-valtsev.html,a,#,,Anchor # not found in page
remont-valtsev.html,a,index.html#portfolio,index.html#portfolio,File not found: C:\Projects\24stanki\index.html#portfolio
remont-valtsev.html,a,index.html#reviews,index.html#reviews,File not found: C:\Projects\24stanki\index.html#reviews
remont-valtsev.html,a,index.html#contacts,index.html#contacts,File not found: C:\Projects\24stanki\index.html#contacts
remont-valtsev.html,a,index.html#portfolio,index.html#portfolio,File not found: C:\Projects\24stanki\index.html#portfolio
remont-valtsev.html,a,index.html#reviews,index.html#reviews,File not found: C:\Projects\24stanki\index.html#reviews
remont-valtsev.html,a,index.html#contacts,index.html#contacts,File not found: C:\Projects\24stanki\index.html#contacts
sravnenie-listogibov-i-gilotin.html,img,https://mc.yandex.ru/watch/104014471,https://mc.yandex.ru/watch/104014471,"('Connection aborted.', ConnectionAbortedError(10053, 'Программа на вашем хост-компьютере разорвала установленное подключение', None, 10053, None))"
sravnenie-listogibov-i-gilotin.html,link,favicon.ico?v=2,favicon.ico?v=2,File not found: C:\Projects\24stanki\favicon.ico?v=2
sravnenie-listogibov-i-gilotin.html,a,#,,Anchor # not found in page
sravnenie-listogibov-i-gilotin.html,a,index.html#portfolio,index.html#portfolio,File not found: C:\Projects\24stanki\index.html#portfolio
sravnenie-listogibov-i-gilotin.html,a,index.html#reviews,index.html#reviews,File not found: C:\Projects\24stanki\index.html#reviews
sravnenie-listogibov-i-gilotin.html,a,index.html#contacts,index.html#contacts,File not found: C:\Projects\24stanki\index.html#contacts
sravnenie-listogibov-i-gilotin.html,a,index.html#portfolio,index.html#portfolio,File not found: C:\Projects\24stanki\index.html#portfolio
sravnenie-listogibov-i-gilotin.html,a,index.html#reviews,index.html#reviews,File not found: C:\Projects\24stanki\index.html#reviews
sravnenie-listogibov-i-gilotin.html,a,index.html#contacts,index.html#contacts,File not found: C:\Projects\24stanki\index.html#contacts
sravnenie-trubogibov-i-profilgebiv.html,img,https://mc.yandex.ru/watch/104014471,https://mc.yandex.ru/watch/104014471,"('Connection aborted.', ConnectionAbortedError(10053, 'Программа на вашем хост-компьютере разорвала установленное подключение', None, 10053, None))"
sravnenie-trubogibov-i-profilgebiv.html,link,favicon.ico?v=2,favicon.ico?v=2,File not found: C:\Projects\24stanki\favicon.ico?v=2
sravnenie-trubogibov-i-profilgebiv.html,a,#,,Anchor # not found in page
sravnenie-trubogibov-i-profilgebiv.html,a,index.html#portfolio,index.html#portfolio,File not found: C:\Projects\24stanki\index.html#portfolio
sravnenie-trubogibov-i-profilgebiv.html,a,index.html#reviews,index.html#reviews,File not found: C:\Projects\24stanki\index.html#reviews
sravnenie-trubogibov-i-profilgebiv.html,a,index.html#contacts,index.html#contacts,File not found: C:\Projects\24stanki\index.html#contacts
sravnenie-trubogibov-i-profilgebiv.html,a,index.html#portfolio,index.html#portfolio,File not found: C:\Projects\24stanki\index.html#portfolio
sravnenie-trubogibov-i-profilgebiv.html,a,index.html#reviews,index.html#reviews,File not found: C:\Projects\24stanki\index.html#reviews
sravnenie-trubogibov-i-profilgebiv.html,a,index.html#contacts,index.html#contacts,File not found: C:\Projects\24stanki\index.html#contacts
top-10-luchshih-markov-stankov-2025.html,img,https://mc.yandex.ru/watch/104014471,https://mc.yandex.ru/watch/104014471,"('Connection aborted.', ConnectionAbortedError(10053, 'Программа на вашем хост-компьютере разорвала установленное подключение', None, 10053, None))"
top-10-luchshih-markov-stankov-2025.html,link,favicon.ico?v=2,favicon.ico?v=2,File not found: C:\Projects\24stanki\favicon.ico?v=2
top-10-luchshih-markov-stankov-2025.html,a,#,,Anchor # not found in page
top-10-luchshih-markov-stankov-2025.html,a,index.html#portfolio,index.html#portfolio,File not found: C:\Projects\24stanki\index.html#portfolio
top-10-luchshih-markov-stankov-2025.html,a,index.html#reviews,index.html#reviews,File not found: C:\Projects\24stanki\index.html#reviews
top-10-luchshih-markov-stankov-2025.html,a,index.html#contacts,index.html#contacts,File not found: C:\Projects\24stanki\index.html#contacts
top-10-luchshih-markov-stankov-2025.html,a,index.html#portfolio,index.html#portfolio,File not found: C:\Projects\24stanki\index.html#portfolio
top-10-luchshih-markov-stankov-2025.html,a,index.html#reviews,index.html#reviews,File not found: C:\Projects\24stanki\index.html#reviews
top-10-luchshih-markov-stankov-2025.html,a,index.html#contacts,index.html#contacts,File not found: C:\Projects\24stanki\index.html#contacts
uslugi.html,img,https://mc.yandex.ru/watch/104014471,https://mc.yandex.ru/watch/104014471,"('Connection aborted.', ConnectionAbortedError(10053, 'Программа на вашем хост-компьютере разорвала установленное подключение', None, 10053, None))"
uslugi.html,link,favicon.ico?v=2,favicon.ico?v=2,File not found: C:\Projects\24stanki\favicon.ico?v=2
uslugi.html,a,#,,Anchor # not found in page
uslugi.html,a,index.html#portfolio,index.html#portfolio,File not found: C:\Projects\24stanki\index.html#portfolio
uslugi.html,a,index.html#reviews,index.html#reviews,File not found: C:\Projects\24stanki\index.html#reviews
uslugi.html,a,index.html#contacts,index.html#contacts,File not found: C:\Projects\24stanki\index.html#contacts
uslugi.html,a,index.html#portfolio,index.html#portfolio,File not found: C:\Projects\24stanki\index.html#portfolio
uslugi.html,a,index.html#reviews,index.html#reviews,File not found: C:\Projects\24stanki\index.html#reviews
uslugi.html,a,index.html#contacts,index.html#contacts,File not found: C:\Projects\24stanki\index.html#contacts
yandex_32e5528f50fd0785.html,script,https://gc.kis.v2.scr.kaspersky-labs.com/FD126C42-EBFA-4E12-B309-BB3FDD723AC1/main.js?attr=Yh8MFU6TB7Hs4T8Y8iqtivBz9TJ6nxwhbPNUmH2AU1qfqSfYr5gAePC3-YdJFjUzEXHQmlaHVz6iiyMsTWKliTcReaPJwJF8kRhhuuIc34l1zWr4-HLEWxOtGZw_Vbwh,https://gc.kis.v2.scr.kaspersky-labs.com/FD126C42-EBFA-4E12-B309-BB3FDD723AC1/main.js?attr=Yh8MFU6TB7Hs4T8Y8iqtivBz9TJ6nxwhbPNUmH2AU1qfqSfYr5gAePC3-YdJFjUzEXHQmlaHVz6iiyMsTWKliTcReaPJwJF8kRhhuuIc34l1zWr4-HLEWxOtGZw_Vbwh,"HTTPSConnectionPool(host='gc.kis.v2.scr.kaspersky-labs.com', port=443): Read timed out. (read timeout=10)"
